,geo,g77_and_oecd_countries,income_3groups,income_groups,is--country,iso3166_1_alpha2,iso3166_1_alpha3,iso3166_1_numeric,iso3166_2,landlocked,latitude,longitude,main_religion_2008,country,un_sdg_ldc,un_sdg_region,un_state,unicef_region,unicode_region_subtag,world_4region,world_6region
0,abkh,others,,,True,,,,,,,,,Abkhazia,,,False,,,europe,europe_central_asia
1,abw,others,high_income,high_income,True,AW,ABW,533.0,,coastline,12.5,-69.96667,christian,Aruba,un_not_least_developed,un_latin_america_and_the_caribbean,False,,AW,americas,america
2,afg,g77,low_income,low_income,True,AF,AFG,4.0,,landlocked,33.0,66.0,muslim,Afghanistan,un_least_developed,un_central_and_southern_asia,True,sa,AF,asia,south_asia
3,ago,g77,middle_income,lower_middle_income,True,AO,AGO,24.0,,coastline,-12.5,18.5,christian,Angola,un_least_developed,un_sub_saharan_africa,True,ssa,AO,africa,sub_saharan_africa
4,aia,others,,,True,AI,AIA,660.0,,coastline,18.21667,-63.05,christian,Anguilla,un_not_least_developed,un_latin_america_and_the_caribbean,False,,AI,americas,america
5,akr_a_dhe,others,,,True,,,,,coastline,,,,Akrotiri and Dhekelia,,,False,,,europe,europe_central_asia
6,ala,others,,,True,AX,ALA,248.0,,coastline,60.25,20.0,,Åland,un_not_least_developed,un_europe_and_northern_america,False,,AX,europe,europe_central_asia
7,alb,others,middle_income,upper_middle_income,True,AL,ALB,8.0,,coastline,41.0,20.0,muslim,Albania,un_not_least_developed,un_europe_and_northern_america,True,eca,AL,europe,europe_central_asia
8,and,others,high_income,high_income,True,AD,AND,20.0,,landlocked,42.50779,1.52109,christian,Andorra,un_not_least_developed,un_europe_and_northern_america,True,eca,AD,europe,europe_central_asia
9,ant,others,,,True,,,,,coastline,,,,Netherlands Antilles,,,False,,,americas,america
10,are,g77,high_income,high_income,True,AE,ARE,784.0,,coastline,23.75,54.5,muslim,United Arab Emirates,un_not_least_developed,un_northern_africa_and_western_asia,True,mena,AE,asia,middle_east_north_africa
11,arg,g77,middle_income,upper_middle_income,True,AR,ARG,32.0,,coastline,-34.0,-64.0,christian,Argentina,un_not_least_developed,un_latin_america_and_the_caribbean,True,lac,AR,americas,america
12,arm,others,middle_income,upper_middle_income,True,AM,ARM,51.0,,landlocked,40.25,45.0,christian,Armenia,un_not_least_developed,un_northern_africa_and_western_asia,True,eca,AM,europe,europe_central_asia
13,asm,others,middle_income,upper_middle_income,True,AS,ASM,16.0,,coastline,-11.056,-171.082,christian,American Samoa,un_not_least_developed,un_oceania_exc_australia_and_new_zealand,False,,AS,asia,east_asia_pacific
14,ata,,,,True,AQ,ATA,10.0,,,-90.0,0.0,,Antarctica,un_not_least_developed,,False,,AQ,europe,
15,atg,g77,high_income,high_income,True,AG,ATG,28.0,,coastline,17.05,-61.8,christian,Antigua and Barbuda,un_not_least_developed,un_latin_america_and_the_caribbean,True,lac,AG,americas,america
16,aus,oecd,high_income,high_income,True,AU,AUS,36.0,,coastline,-25.0,135.0,christian,Australia,un_not_least_developed,un_australia_and_new_zealand,True,eap,AU,asia,east_asia_pacific
17,aut,oecd,high_income,high_income,True,AT,AUT,40.0,,landlocked,47.33333,13.333329999999998,christian,Austria,un_not_least_developed,un_europe_and_northern_america,True,eca,AT,europe,europe_central_asia
18,aze,others,middle_income,upper_middle_income,True,AZ,AZE,31.0,,landlocked,40.5,47.5,muslim,Azerbaijan,un_not_least_developed,un_northern_africa_and_western_asia,True,eca,AZ,europe,europe_central_asia
19,bdi,g77,low_income,low_income,True,BI,BDI,108.0,,landlocked,-3.5,30.0,christian,Burundi,un_least_developed,un_sub_saharan_africa,True,ssa,BI,africa,sub_saharan_africa
20,bel,oecd,high_income,high_income,True,BE,BEL,56.0,,coastline,50.75,4.5,christian,Belgium,un_not_least_developed,un_europe_and_northern_america,True,eca,BE,europe,europe_central_asia
21,ben,g77,low_income,low_income,True,BJ,BEN,204.0,,coastline,9.5,2.25,,Benin,un_least_developed,un_sub_saharan_africa,True,ssa,BJ,africa,sub_saharan_africa
22,bfa,g77,low_income,low_income,True,BF,BFA,854.0,,landlocked,12.5,-1.66667,muslim,Burkina Faso,un_least_developed,un_sub_saharan_africa,True,ssa,BF,africa,sub_saharan_africa
23,bgd,g77,middle_income,lower_middle_income,True,BD,BGD,50.0,,coastline,24.0,90.0,muslim,Bangladesh,un_least_developed,un_central_and_southern_asia,True,sa,BD,asia,south_asia
24,bgr,others,middle_income,upper_middle_income,True,BG,BGR,100.0,,coastline,42.66667,25.25,christian,Bulgaria,un_not_least_developed,un_europe_and_northern_america,True,eca,BG,europe,europe_central_asia
25,bhr,g77,high_income,high_income,True,BH,BHR,48.0,,coastline,26.03333,50.55,muslim,Bahrain,un_not_least_developed,un_northern_africa_and_western_asia,True,mena,BH,asia,middle_east_north_africa
26,bhs,g77,high_income,high_income,True,BS,BHS,44.0,,coastline,25.04082,-77.37122,christian,Bahamas,un_not_least_developed,un_latin_america_and_the_caribbean,True,lac,BS,americas,america
27,bih,g77,middle_income,upper_middle_income,True,BA,BIH,70.0,,coastline,44.25,17.83333,,Bosnia and Herzegovina,un_not_least_developed,un_europe_and_northern_america,True,eca,BA,europe,europe_central_asia
28,blr,others,middle_income,upper_middle_income,True,BY,BLR,112.0,,landlocked,53.0,28.0,christian,Belarus,un_not_least_developed,un_europe_and_northern_america,True,eca,BY,europe,europe_central_asia
29,blz,g77,middle_income,upper_middle_income,True,BZ,BLZ,84.0,,coastline,17.49952,-88.19756,christian,Belize,un_not_least_developed,un_latin_america_and_the_caribbean,True,lac,BZ,americas,america
30,bmu,others,high_income,high_income,True,BM,BMU,60.0,,coastline,32.2949,-64.78303000000001,christian,Bermuda,un_not_least_developed,un_europe_and_northern_america,False,,BM,americas,america
31,bol,g77,middle_income,lower_middle_income,True,BO,BOL,68.0,,landlocked,-17.0,-65.0,christian,Bolivia,un_not_least_developed,un_latin_america_and_the_caribbean,True,lac,BO,americas,america
32,bouisl,,,,True,BV,BVT,74.0,,,,,,Bouvet Island,un_not_least_developed,un_latin_america_and_the_caribbean,False,,BV,africa,
33,bra,g77,middle_income,upper_middle_income,True,BR,BRA,76.0,,coastline,-10.0,-55.0,christian,Brazil,un_not_least_developed,un_latin_america_and_the_caribbean,True,lac,BR,americas,america
34,brb,g77,high_income,high_income,True,BB,BRB,52.0,,coastline,13.166670000000002,-59.53333000000001,christian,Barbados,un_not_least_developed,un_latin_america_and_the_caribbean,True,lac,BB,americas,america
35,brn,g77,high_income,high_income,True,BN,BRN,96.0,,coastline,4.5,114.66667,muslim,Brunei,un_not_least_developed,un_eastern_and_south_eastern_asia,True,eap,BN,asia,east_asia_pacific
36,btn,g77,middle_income,lower_middle_income,True,BT,BTN,64.0,,landlocked,27.5,90.5,eastern_religions,Bhutan,un_least_developed,un_central_and_southern_asia,True,sa,BT,asia,south_asia
37,bwa,g77,middle_income,upper_middle_income,True,BW,BWA,72.0,,landlocked,-22.0,24.0,christian,Botswana,un_not_least_developed,un_sub_saharan_africa,True,ssa,BW,africa,sub_saharan_africa
38,caf,g77,low_income,low_income,True,CF,CAF,140.0,,landlocked,7.0,21.0,,Central African Republic,un_least_developed,un_sub_saharan_africa,True,ssa,CF,africa,sub_saharan_africa
39,can,oecd,high_income,high_income,True,CA,CAN,124.0,,coastline,60.10867,-113.64258000000001,christian,Canada,un_not_least_developed,un_europe_and_northern_america,True,na,CA,americas,america
40,cck,others,,,True,CC,CCK,166.0,,coastline,-12.1642,96.87331999999999,,Cocos Island,un_not_least_developed,un_australia_and_new_zealand,False,,CC,asia,east_asia_pacific
41,chanisl,others,high_income,high_income,True,,,,,coastline,,,christian,Channel Islands,,,False,,,europe,europe_central_asia
42,che,oecd,high_income,high_income,True,CH,CHE,756.0,,landlocked,47.00016,8.01427,christian,Switzerland,un_not_least_developed,un_europe_and_northern_america,True,eca,CH,europe,europe_central_asia
43,cheslo,others,,,True,,,,,landlocked,,,,Czechoslovakia,,,False,,,europe,europe_central_asia
44,chl,g77,high_income,high_income,True,CL,CHL,152.0,,coastline,-33.45694,-70.64827,christian,Chile,un_not_least_developed,un_latin_america_and_the_caribbean,True,lac,CL,americas,america
45,chn,g77,middle_income,upper_middle_income,True,CN,CHN,156.0,,coastline,35.0,105.0,eastern_religions,China,un_not_least_developed,un_eastern_and_south_eastern_asia,True,eap,CN,asia,east_asia_pacific
46,civ,g77,middle_income,lower_middle_income,True,CI,CIV,384.0,,coastline,8.0,-5.5,,Cote d'Ivoire,un_not_least_developed,un_sub_saharan_africa,True,ssa,CI,africa,sub_saharan_africa
47,cmr,g77,middle_income,lower_middle_income,True,CM,CMR,120.0,,coastline,6.0,12.5,christian,Cameroon,un_not_least_developed,un_sub_saharan_africa,True,ssa,CM,africa,sub_saharan_africa
48,cod,g77,low_income,low_income,True,CD,COD,180.0,,landlocked,-2.5,23.5,christian,"Congo, Dem. Rep.",un_least_developed,un_sub_saharan_africa,True,ssa,CD,africa,sub_saharan_africa
49,cog,g77,middle_income,lower_middle_income,True,CG,COG,178.0,,coastline,-1.0,15.5,christian,"Congo, Rep.",un_not_least_developed,un_sub_saharan_africa,True,ssa,CG,africa,sub_saharan_africa
50,cok,others,,,True,CK,COK,184.0,,coastline,-21.24842,-159.78516000000002,christian,Cook Is,un_not_least_developed,un_oceania_exc_australia_and_new_zealand,False,,CK,asia,east_asia_pacific
51,col,g77,middle_income,upper_middle_income,True,CO,COL,170.0,,coastline,4.0,-73.25,christian,Colombia,un_not_least_developed,un_latin_america_and_the_caribbean,True,lac,CO,americas,america
52,com,g77,middle_income,lower_middle_income,True,KM,COM,174.0,,coastline,-12.23333,44.44553,muslim,Comoros,un_least_developed,un_sub_saharan_africa,True,ssa,KM,africa,sub_saharan_africa
53,cpv,g77,middle_income,lower_middle_income,True,CV,CPV,132.0,,coastline,16.0,-24.0,christian,Cape Verde,un_not_least_developed,un_sub_saharan_africa,True,ssa,CV,africa,sub_saharan_africa
54,cri,g77,middle_income,upper_middle_income,True,CR,CRI,188.0,,coastline,10.0,-84.0,christian,Costa Rica,un_not_least_developed,un_latin_america_and_the_caribbean,True,lac,CR,americas,america
55,cub,g77,middle_income,upper_middle_income,True,CU,CUB,192.0,,coastline,22.0,-79.5,christian,Cuba,un_not_least_developed,un_latin_america_and_the_caribbean,True,lac,CU,americas,america
56,cxr,others,,,True,CX,CXR,162.0,,coastline,-10.5,105.66667,,Christmas Island,un_not_least_developed,un_australia_and_new_zealand,False,,CX,asia,east_asia_pacific
57,cym,others,high_income,high_income,True,KY,CYM,136.0,,coastline,19.5,-80.66667,christian,Cayman Islands,un_not_least_developed,un_latin_america_and_the_caribbean,False,,KY,americas,america
58,cyp,others,high_income,high_income,True,CY,CYP,196.0,,coastline,35.0,33.0,christian,Cyprus,un_not_least_developed,un_northern_africa_and_western_asia,True,eca,CY,europe,europe_central_asia
59,cyp_nor,others,,,True,,,,,coastline,,,,Northern Cyprus,,,False,,,europe,europe_central_asia
60,cze,oecd,high_income,high_income,True,CZ,CZE,203.0,,landlocked,49.75,15.0,christian,Czech Republic,un_not_least_developed,un_europe_and_northern_america,True,eca,CZ,europe,europe_central_asia
61,deu,oecd,high_income,high_income,True,DE,DEU,276.0,,coastline,51.5,10.5,christian,Germany,un_not_least_developed,un_europe_and_northern_america,True,eca,DE,europe,europe_central_asia
62,deu_east,others,,,True,,,,,coastline,,,,East Germany,,,False,,,europe,europe_central_asia
63,deu_west,others,,,True,,,,,coastline,,,,West Germany,,,False,,,europe,europe_central_asia
64,dji,g77,middle_income,lower_middle_income,True,DJ,DJI,262.0,,coastline,11.58901,43.14503,muslim,Djibouti,un_least_developed,un_sub_saharan_africa,True,ssa,DJ,africa,middle_east_north_africa
65,dma,g77,middle_income,upper_middle_income,True,DM,DMA,212.0,,coastline,15.5,-61.333330000000004,christian,Dominica,un_not_least_developed,un_latin_america_and_the_caribbean,True,lac,DM,americas,america
66,dnk,oecd,high_income,high_income,True,DK,DNK,208.0,,coastline,56.0,10.0,christian,Denmark,un_not_least_developed,un_europe_and_northern_america,True,eca,DK,europe,europe_central_asia
67,dom,g77,middle_income,upper_middle_income,True,DO,DOM,214.0,,coastline,19.0,-70.66667,christian,Dominican Republic,un_not_least_developed,un_latin_america_and_the_caribbean,True,lac,DO,americas,america
68,dza,g77,middle_income,upper_middle_income,True,DZ,DZA,12.0,,coastline,28.0,3.0,muslim,Algeria,un_not_least_developed,un_northern_africa_and_western_asia,True,mena,DZ,africa,middle_east_north_africa
69,ecu,g77,middle_income,upper_middle_income,True,EC,ECU,218.0,,coastline,-1.25,-78.25,christian,Ecuador,un_not_least_developed,un_latin_america_and_the_caribbean,True,lac,EC,americas,america
70,egy,g77,middle_income,lower_middle_income,True,EG,EGY,818.0,,coastline,27.0,30.0,muslim,Egypt,un_not_least_developed,un_northern_africa_and_western_asia,True,mena,EG,africa,middle_east_north_africa
71,eri,g77,low_income,low_income,True,ER,ERI,232.0,,coastline,15.0,39.0,muslim,Eritrea,un_least_developed,un_sub_saharan_africa,True,ssa,ER,africa,sub_saharan_africa
72,eri_a_eth,others,,,True,,,,,coastline,,,,Eritrea and Ethiopia,,,False,,,africa,sub_saharan_africa
73,esh,others,,,True,EH,ESH,732.0,,coastline,24.49215,-12.65625,muslim,Western Sahara,un_not_least_developed,un_northern_africa_and_western_asia,False,,EH,africa,middle_east_north_africa
74,esp,oecd,high_income,high_income,True,ES,ESP,724.0,,coastline,40.0,-4.0,christian,Spain,un_not_least_developed,un_europe_and_northern_america,True,eca,ES,europe,europe_central_asia
75,est,others,high_income,high_income,True,EE,EST,233.0,,coastline,59.0,26.0,christian,Estonia,un_not_least_developed,un_europe_and_northern_america,True,eca,EE,europe,europe_central_asia
76,eth,g77,low_income,low_income,True,ET,ETH,231.0,,coastline,9.0,39.5,christian,Ethiopia,un_least_developed,un_sub_saharan_africa,True,ssa,ET,africa,sub_saharan_africa
77,fin,oecd,high_income,high_income,True,FI,FIN,246.0,,coastline,64.0,26.0,christian,Finland,un_not_least_developed,un_europe_and_northern_america,True,eca,FI,europe,europe_central_asia
78,fji,g77,middle_income,upper_middle_income,True,FJ,FJI,242.0,,coastline,-18.0,178.0,christian,Fiji,un_not_least_developed,un_oceania_exc_australia_and_new_zealand,True,eap,FJ,asia,east_asia_pacific
79,flk,others,,,True,FK,FLK,238.0,,coastline,-51.75,-59.166669999999996,christian,Falkland Is (Malvinas),un_not_least_developed,un_latin_america_and_the_caribbean,False,,FK,americas,america
80,fra,oecd,high_income,high_income,True,FR,FRA,250.0,,coastline,46.0,2.0,christian,France,un_not_least_developed,un_europe_and_northern_america,True,eca,FR,europe,europe_central_asia
81,fra_antarc,,,,True,,,,,,,,,French Southern and Antarctic Lands,,,False,,,,
82,fra_clipperton,,,,True,,,,,,,,,Clipperton,,,False,,CP,,
83,fro,others,high_income,high_income,True,FO,FRO,234.0,,coastline,62.0,-7.0,christian,Faeroe Islands,un_not_least_developed,un_europe_and_northern_america,False,,FO,europe,europe_central_asia
84,fsm,g77,middle_income,lower_middle_income,True,FM,FSM,583.0,,coastline,6.9239999999999995,158.162,christian,"Micronesia, Fed. Sts.",un_not_least_developed,un_oceania_exc_australia_and_new_zealand,True,eap,FM,asia,east_asia_pacific
85,gab,g77,middle_income,upper_middle_income,True,GA,GAB,266.0,,coastline,-1.0,11.75,christian,Gabon,un_not_least_developed,un_sub_saharan_africa,True,ssa,GA,africa,sub_saharan_africa
86,gbg,others,,,True,GG,GGY,831.0,,coastline,49.45474,-2.57629,,Guernsey,un_not_least_developed,un_europe_and_northern_america,False,,GG,europe,europe_central_asia
87,gbm,others,high_income,high_income,True,IM,IMN,833.0,,coastline,54.15,-4.4833300000000005,christian,Isle of Man,un_not_least_developed,un_europe_and_northern_america,False,,IM,europe,europe_central_asia
88,gbr,oecd,high_income,high_income,True,GB,GBR,826.0,,coastline,54.75844,-2.6953099999999997,christian,United Kingdom,un_not_least_developed,un_europe_and_northern_america,True,eca,GB,europe,europe_central_asia
89,geo,others,middle_income,upper_middle_income,True,GE,GEO,268.0,,coastline,41.99998,43.4999,christian,Georgia,un_not_least_developed,un_northern_africa_and_western_asia,True,eca,GE,europe,europe_central_asia
90,gha,g77,middle_income,lower_middle_income,True,GH,GHA,288.0,,coastline,8.1,-1.2,christian,Ghana,un_not_least_developed,un_sub_saharan_africa,True,ssa,GH,africa,sub_saharan_africa
91,gib,others,high_income,high_income,True,GI,GIB,292.0,,coastline,36.144740000000006,-5.35257,christian,Gibraltar,un_not_least_developed,un_europe_and_northern_america,False,,GI,europe,europe_central_asia
92,gin,g77,low_income,low_income,True,GN,GIN,324.0,,coastline,10.83333,-10.66667,muslim,Guinea,un_least_developed,un_sub_saharan_africa,True,ssa,GN,africa,sub_saharan_africa
93,glp,others,,,True,GP,GLP,312.0,,coastline,16.25,-61.583330000000004,christian,Guadeloupe,un_not_least_developed,un_latin_america_and_the_caribbean,False,,GP,americas,america
94,gmb,g77,low_income,low_income,True,GM,GMB,270.0,,coastline,13.5,-15.5,muslim,Gambia,un_least_developed,un_sub_saharan_africa,True,ssa,GM,africa,sub_saharan_africa
95,gnb,g77,low_income,low_income,True,GW,GNB,624.0,,coastline,12.0,-15.0,,Guinea-Bissau,un_least_developed,un_sub_saharan_africa,True,ssa,GW,africa,sub_saharan_africa
96,gnq,g77,middle_income,upper_middle_income,True,GQ,GNQ,226.0,,coastline,1.7,10.5,christian,Equatorial Guinea,un_least_developed,un_sub_saharan_africa,True,ssa,GQ,africa,sub_saharan_africa
97,grc,oecd,high_income,high_income,True,GR,GRC,300.0,,coastline,39.0,22.0,christian,Greece,un_not_least_developed,un_europe_and_northern_america,True,eca,GR,europe,europe_central_asia
98,grd,g77,middle_income,upper_middle_income,True,GD,GRD,308.0,,coastline,12.11667,-61.666669999999996,christian,Grenada,un_not_least_developed,un_latin_america_and_the_caribbean,True,lac,GD,americas,america
99,grl,others,high_income,high_income,True,GL,GRL,304.0,,coastline,72.0,-40.0,christian,Greenland,un_not_least_developed,un_europe_and_northern_america,False,,GL,europe,europe_central_asia
100,gtm,g77,middle_income,upper_middle_income,True,GT,GTM,320.0,,coastline,14.640720000000002,-90.51326999999999,christian,Guatemala,un_not_least_developed,un_latin_america_and_the_caribbean,True,lac,GT,americas,america
101,guf,others,,,True,GF,GUF,254.0,,coastline,4.0,-53.0,christian,French Guiana,un_not_least_developed,un_latin_america_and_the_caribbean,False,,GF,americas,america
102,gum,others,high_income,high_income,True,GU,GUM,316.0,,coastline,13.47861,144.81833999999998,christian,Guam,un_not_least_developed,un_oceania_exc_australia_and_new_zealand,False,,GU,asia,east_asia_pacific
103,guy,g77,middle_income,upper_middle_income,True,GY,GUY,328.0,,coastline,5.0,-59.0,christian,Guyana,un_not_least_developed,un_latin_america_and_the_caribbean,True,lac,GY,americas,america
104,heard_a_mcd,,,,True,HM,HMD,334.0,,,,,,Heard and McDonald Islands,un_not_least_developed,un_australia_and_new_zealand,False,,HM,asia,
105,hkg,others,high_income,high_income,True,HK,HKG,344.0,,coastline,22.28552,114.15768999999999,eastern_religions,"Hong Kong, China",un_not_least_developed,un_eastern_and_south_eastern_asia,False,,HK,asia,east_asia_pacific
106,hnd,g77,middle_income,lower_middle_income,True,HN,HND,340.0,,coastline,15.0,-86.5,christian,Honduras,un_not_least_developed,un_latin_america_and_the_caribbean,True,lac,HN,americas,america
107,hos,others,,,True,VA,VAT,336.0,,landlocked,41.902359999999994,12.45332,christian,Holy See,un_not_least_developed,un_europe_and_northern_america,True,eca,VA,europe,europe_central_asia
108,hrv,others,high_income,high_income,True,HR,HRV,191.0,,coastline,45.16667,15.5,christian,Croatia,un_not_least_developed,un_europe_and_northern_america,True,eca,HR,europe,europe_central_asia
109,hti,g77,low_income,low_income,True,HT,HTI,332.0,,coastline,19.0,-72.41667,christian,Haiti,un_least_developed,un_latin_america_and_the_caribbean,True,lac,HT,americas,america
110,hun,oecd,high_income,high_income,True,HU,HUN,348.0,,landlocked,47.0,20.0,christian,Hungary,un_not_least_developed,un_europe_and_northern_america,True,eca,HU,europe,europe_central_asia
111,idn,g77,middle_income,lower_middle_income,True,ID,IDN,360.0,,coastline,-5.0,120.0,muslim,Indonesia,un_not_least_developed,un_eastern_and_south_eastern_asia,True,eap,ID,asia,east_asia_pacific
112,ind,g77,middle_income,lower_middle_income,True,IN,IND,356.0,,coastline,22.0,79.0,eastern_religions,India,un_not_least_developed,un_central_and_southern_asia,True,sa,IN,asia,south_asia
113,iot,,,,True,IO,IOT,86.0,,,-6.0,72.0,,British Indian Ocean Territory,un_not_least_developed,un_sub_saharan_africa,False,,IO,asia,
114,irl,oecd,high_income,high_income,True,IE,IRL,372.0,,coastline,53.0,-8.0,christian,Ireland,un_not_least_developed,un_europe_and_northern_america,True,eca,IE,europe,europe_central_asia
115,irn,g77,middle_income,upper_middle_income,True,IR,IRN,364.0,,coastline,32.0,53.0,muslim,Iran,un_not_least_developed,un_central_and_southern_asia,True,mena,IR,asia,middle_east_north_africa
116,irq,g77,middle_income,upper_middle_income,True,IQ,IRQ,368.0,,coastline,33.0,44.0,muslim,Iraq,un_not_least_developed,un_northern_africa_and_western_asia,True,mena,IQ,asia,middle_east_north_africa
117,isl,oecd,high_income,high_income,True,IS,ISL,352.0,,coastline,65.0,-18.0,christian,Iceland,un_not_least_developed,un_europe_and_northern_america,True,eca,IS,europe,europe_central_asia
118,isr,oecd,high_income,high_income,True,IL,ISR,376.0,,coastline,31.5,34.75,,Israel,un_not_least_developed,un_northern_africa_and_western_asia,True,mena,IL,asia,middle_east_north_africa
119,ita,oecd,high_income,high_income,True,IT,ITA,380.0,,coastline,42.83333,12.83333,christian,Italy,un_not_least_developed,un_europe_and_northern_america,True,eca,IT,europe,europe_central_asia
120,jam,g77,middle_income,upper_middle_income,True,JM,JAM,388.0,,coastline,18.16667,-77.25,christian,Jamaica,un_not_least_developed,un_latin_america_and_the_caribbean,True,lac,JM,americas,america
121,jey,others,,,True,JE,JEY,832.0,,coastline,49.21667,-2.11667,,Jersey,un_not_least_developed,un_europe_and_northern_america,False,,JE,europe,europe_central_asia
122,jor,g77,middle_income,upper_middle_income,True,JO,JOR,400.0,,coastline,31.0,36.0,muslim,Jordan,un_not_least_developed,un_northern_africa_and_western_asia,True,mena,JO,asia,middle_east_north_africa
123,jpn,oecd,high_income,high_income,True,JP,JPN,392.0,,coastline,35.685359999999996,139.75309,eastern_religions,Japan,un_not_least_developed,un_eastern_and_south_eastern_asia,True,eap,JP,asia,east_asia_pacific
124,kaz,others,middle_income,upper_middle_income,True,KZ,KAZ,398.0,,landlocked,48.0,68.0,muslim,Kazakhstan,un_not_least_developed,un_central_and_southern_asia,True,eca,KZ,asia,europe_central_asia
125,ken,g77,middle_income,lower_middle_income,True,KE,KEN,404.0,,coastline,1.0,38.0,christian,Kenya,un_not_least_developed,un_sub_saharan_africa,True,ssa,KE,africa,sub_saharan_africa
126,kgz,others,middle_income,lower_middle_income,True,KG,KGZ,417.0,,landlocked,41.5,75.0,muslim,Kyrgyz Republic,un_not_least_developed,un_central_and_southern_asia,True,eca,KG,asia,europe_central_asia
127,khm,g77,middle_income,lower_middle_income,True,KH,KHM,116.0,,coastline,13.0,105.0,eastern_religions,Cambodia,un_least_developed,un_eastern_and_south_eastern_asia,True,eap,KH,asia,east_asia_pacific
128,kir,others,middle_income,lower_middle_income,True,KI,KIR,296.0,,coastline,1.421,172.984,christian,Kiribati,un_least_developed,un_oceania_exc_australia_and_new_zealand,True,eap,KI,asia,east_asia_pacific
129,kna,g77,high_income,high_income,True,KN,KNA,659.0,,coastline,17.33333,-62.75,christian,St. Kitts and Nevis,un_not_least_developed,un_latin_america_and_the_caribbean,True,lac,KN,americas,america
130,kor,oecd,high_income,high_income,True,KR,KOR,410.0,,coastline,36.5,127.75,,South Korea,un_not_least_developed,un_eastern_and_south_eastern_asia,True,eap,KR,asia,east_asia_pacific
131,korea_union,,,,True,,,,,,,,,United Korea (former),,,False,,,asia,
132,kos,others,middle_income,upper_middle_income,True,,,,,landlocked,,,muslim,Kosovo,un_not_least_developed,un_europe_and_northern_america,False,,XK,europe,europe_central_asia
133,kwt,g77,high_income,high_income,True,KW,KWT,414.0,,coastline,29.36972,47.97833,muslim,Kuwait,un_not_least_developed,un_northern_africa_and_western_asia,True,mena,KW,asia,middle_east_north_africa
134,lao,g77,middle_income,lower_middle_income,True,LA,LAO,418.0,,landlocked,18.0,105.0,eastern_religions,Lao,un_least_developed,un_eastern_and_south_eastern_asia,True,eap,LA,asia,east_asia_pacific
135,lbn,g77,middle_income,upper_middle_income,True,LB,LBN,422.0,,coastline,33.83333,35.83333,,Lebanon,un_not_least_developed,un_northern_africa_and_western_asia,True,mena,LB,asia,middle_east_north_africa
136,lbr,g77,low_income,low_income,True,LR,LBR,430.0,,coastline,6.5,-9.5,,Liberia,un_least_developed,un_sub_saharan_africa,True,ssa,LR,africa,sub_saharan_africa
137,lby,g77,middle_income,upper_middle_income,True,LY,LBY,434.0,,coastline,28.0,17.0,muslim,Libya,un_not_least_developed,un_northern_africa_and_western_asia,True,mena,LY,africa,middle_east_north_africa
138,lca,g77,middle_income,upper_middle_income,True,LC,LCA,662.0,,coastline,13.883329999999999,-60.96666999999999,christian,St. Lucia,un_not_least_developed,un_latin_america_and_the_caribbean,True,lac,LC,americas,america
139,lie,others,high_income,high_income,True,LI,LIE,438.0,,landlocked,47.16667,9.53333,christian,Liechtenstein,un_not_least_developed,un_europe_and_northern_america,True,eca,LI,europe,europe_central_asia
140,lka,g77,middle_income,upper_middle_income,True,LK,LKA,144.0,,coastline,7.75,80.75,eastern_religions,Sri Lanka,un_not_least_developed,un_central_and_southern_asia,True,sa,LK,asia,south_asia
141,lso,g77,middle_income,lower_middle_income,True,LS,LSO,426.0,,landlocked,-29.5,28.25,christian,Lesotho,un_least_developed,un_sub_saharan_africa,True,ssa,LS,africa,sub_saharan_africa
142,ltu,others,high_income,high_income,True,LT,LTU,440.0,,coastline,55.416669999999996,24.0,christian,Lithuania,un_not_least_developed,un_europe_and_northern_america,True,eca,LT,europe,europe_central_asia
143,lux,oecd,high_income,high_income,True,LU,LUX,442.0,,landlocked,49.611670000000004,6.13,christian,Luxembourg,un_not_least_developed,un_europe_and_northern_america,True,eca,LU,europe,europe_central_asia
144,lva,others,high_income,high_income,True,LV,LVA,428.0,,coastline,57.0,25.0,christian,Latvia,un_not_least_developed,un_europe_and_northern_america,True,eca,LV,europe,europe_central_asia
145,mac,others,high_income,high_income,True,MO,MAC,446.0,,coastline,22.20056,113.54611000000001,eastern_religions,"Macao, China",un_not_least_developed,un_eastern_and_south_eastern_asia,False,,MO,asia,east_asia_pacific
146,maf,,high_income,high_income,True,MF,MAF,663.0,,,,,,St. Martin (French part),un_not_least_developed,un_latin_america_and_the_caribbean,False,,MF,americas,
147,mar,g77,middle_income,lower_middle_income,True,MA,MAR,504.0,,coastline,32.0,-6.0,muslim,Morocco,un_not_least_developed,un_northern_africa_and_western_asia,True,mena,MA,africa,middle_east_north_africa
148,mco,others,high_income,high_income,True,MC,MCO,492.0,,coastline,43.73333,7.41667,christian,Monaco,un_not_least_developed,un_europe_and_northern_america,True,eca,MC,europe,europe_central_asia
149,mda,others,middle_income,lower_middle_income,True,MD,MDA,498.0,,landlocked,47.25,28.58333,christian,Moldova,un_not_least_developed,un_europe_and_northern_america,True,eca,MD,europe,europe_central_asia
150,mdg,g77,low_income,low_income,True,MG,MDG,450.0,,coastline,-20.0,47.0,,Madagascar,un_least_developed,un_sub_saharan_africa,True,ssa,MG,africa,sub_saharan_africa
151,mdv,g77,middle_income,upper_middle_income,True,MV,MDV,462.0,,coastline,3.2,73.0,muslim,Maldives,un_not_least_developed,un_central_and_southern_asia,True,sa,MV,asia,south_asia
152,mex,oecd,middle_income,upper_middle_income,True,MX,MEX,484.0,,coastline,19.42847,-99.12765999999999,christian,Mexico,un_not_least_developed,un_latin_america_and_the_caribbean,True,lac,MX,americas,america
153,mhl,g77,middle_income,upper_middle_income,True,MH,MHL,584.0,,coastline,7.1129999999999995,171.236,christian,Marshall Islands,un_not_least_developed,un_oceania_exc_australia_and_new_zealand,True,eap,MH,asia,east_asia_pacific
154,mkd,others,middle_income,upper_middle_income,True,MK,MKD,807.0,,landlocked,41.66667,21.75,christian,North Macedonia,un_not_least_developed,un_europe_and_northern_america,True,eca,MK,europe,europe_central_asia
155,mli,g77,low_income,low_income,True,ML,MLI,466.0,,landlocked,18.0,-2.0,muslim,Mali,un_least_developed,un_sub_saharan_africa,True,ssa,ML,africa,sub_saharan_africa
156,mlt,others,high_income,high_income,True,MT,MLT,470.0,,coastline,35.91667,14.433329999999998,christian,Malta,un_not_least_developed,un_europe_and_northern_america,True,eca,MT,europe,europe_central_asia
157,mmr,g77,middle_income,lower_middle_income,True,MM,MMR,104.0,,coastline,21.0,96.0,eastern_religions,Myanmar,un_least_developed,un_eastern_and_south_eastern_asia,True,eap,MM,asia,east_asia_pacific
158,mne,others,middle_income,upper_middle_income,True,ME,MNE,499.0,,coastline,42.75,19.25,christian,Montenegro,un_not_least_developed,un_europe_and_northern_america,True,eca,ME,europe,europe_central_asia
159,mng,g77,middle_income,lower_middle_income,True,MN,MNG,496.0,,landlocked,46.0,105.0,,Mongolia,un_not_least_developed,un_eastern_and_south_eastern_asia,True,eap,MN,asia,east_asia_pacific
160,mnp,others,high_income,high_income,True,MP,MNP,580.0,,coastline,15.214,145.756,christian,Northern Mariana Islands,un_not_least_developed,un_oceania_exc_australia_and_new_zealand,False,,MP,asia,east_asia_pacific
161,moz,g77,low_income,low_income,True,MZ,MOZ,508.0,,coastline,-18.25,35.0,christian,Mozambique,un_least_developed,un_sub_saharan_africa,True,ssa,MZ,africa,sub_saharan_africa
162,mrt,g77,middle_income,lower_middle_income,True,MR,MRT,478.0,,coastline,20.25,-10.5,muslim,Mauritania,un_least_developed,un_sub_saharan_africa,True,ssa,MR,africa,sub_saharan_africa
163,msr,others,,,True,MS,MSR,500.0,,coastline,16.75,-62.2,christian,Montserrat,un_not_least_developed,un_latin_america_and_the_caribbean,False,,MS,americas,america
164,mtq,others,,,True,MQ,MTQ,474.0,,coastline,14.666670000000002,-61.0,christian,Martinique,un_not_least_developed,un_latin_america_and_the_caribbean,False,,MQ,americas,america
165,mus,g77,middle_income,upper_middle_income,True,MU,MUS,480.0,,coastline,-20.3,57.583330000000004,,Mauritius,un_not_least_developed,un_sub_saharan_africa,True,ssa,MU,africa,sub_saharan_africa
166,mwi,g77,low_income,low_income,True,MW,MWI,454.0,,landlocked,-13.5,34.0,christian,Malawi,un_least_developed,un_sub_saharan_africa,True,ssa,MW,africa,sub_saharan_africa
167,mys,g77,middle_income,upper_middle_income,True,MY,MYS,458.0,,coastline,2.5,112.5,muslim,Malaysia,un_not_least_developed,un_eastern_and_south_eastern_asia,True,eap,MY,asia,east_asia_pacific
168,myt,others,,,True,YT,MYT,175.0,,coastline,-12.83333,45.16667,muslim,Mayotte,un_not_least_developed,un_sub_saharan_africa,False,,YT,africa,sub_saharan_africa
169,nam,g77,middle_income,upper_middle_income,True,,NAM,516.0,,coastline,-22.0,17.0,christian,Namibia,un_not_least_developed,un_sub_saharan_africa,True,ssa,,africa,sub_saharan_africa
170,ncl,others,high_income,high_income,True,NC,NCL,540.0,,coastline,-21.5,165.5,christian,New Caledonia,un_not_least_developed,un_oceania_exc_australia_and_new_zealand,False,,NC,asia,east_asia_pacific
171,ner,g77,low_income,low_income,True,NE,NER,562.0,,landlocked,18.0,9.0,muslim,Niger,un_least_developed,un_sub_saharan_africa,True,ssa,NE,africa,sub_saharan_africa
172,nfk,others,,,True,NF,NFK,574.0,,coastline,-29.03333,167.95,,Norfolk Island,un_not_least_developed,un_australia_and_new_zealand,False,,NF,asia,east_asia_pacific
173,nga,g77,middle_income,lower_middle_income,True,NG,NGA,566.0,,coastline,10.0,8.0,,Nigeria,un_not_least_developed,un_sub_saharan_africa,True,ssa,NG,africa,sub_saharan_africa
174,ngokar,others,,,True,,,,,,,,,Ngorno-Karabakh,,,False,,,europe,europe_central_asia
175,nic,g77,middle_income,lower_middle_income,True,NI,NIC,558.0,,coastline,13.0,-85.0,christian,Nicaragua,un_not_least_developed,un_latin_america_and_the_caribbean,True,lac,NI,americas,america
176,niu,others,,,True,NU,NIU,570.0,,coastline,-19.03333,-169.86667,christian,Niue,un_not_least_developed,un_oceania_exc_australia_and_new_zealand,False,,NU,asia,east_asia_pacific
177,nld,oecd,high_income,high_income,True,NL,NLD,528.0,,coastline,52.25,5.75,christian,Netherlands,un_not_least_developed,un_europe_and_northern_america,True,eca,NL,europe,europe_central_asia
178,nld_curacao,others,high_income,high_income,True,CW,CUW,531.0,,coastline,12.16667,-68.96667,christian,Curaçao,un_not_least_developed,un_latin_america_and_the_caribbean,False,,CW,americas,america
179,nor,oecd,high_income,high_income,True,NO,NOR,578.0,,coastline,62.0,10.0,christian,Norway,un_not_least_developed,un_europe_and_northern_america,True,eca,NO,europe,europe_central_asia
180,npl,g77,low_income,low_income,True,NP,NPL,524.0,,landlocked,28.0,84.0,eastern_religions,Nepal,un_least_developed,un_central_and_southern_asia,True,sa,NP,asia,south_asia
181,nru,others,middle_income,upper_middle_income,True,NR,NRU,520.0,,coastline,-0.517,166.933,christian,Nauru,un_not_least_developed,un_oceania_exc_australia_and_new_zealand,True,eap,NR,asia,east_asia_pacific
182,nzl,oecd,high_income,high_income,True,NZ,NZL,554.0,,coastline,-42.0,174.0,christian,New Zealand,un_not_least_developed,un_australia_and_new_zealand,True,eap,NZ,asia,east_asia_pacific
183,omn,g77,high_income,high_income,True,OM,OMN,512.0,,coastline,21.0,57.0,muslim,Oman,un_not_least_developed,un_northern_africa_and_western_asia,True,mena,OM,asia,middle_east_north_africa
184,pak,g77,middle_income,lower_middle_income,True,PK,PAK,586.0,,coastline,30.0,70.0,muslim,Pakistan,un_not_least_developed,un_central_and_southern_asia,True,sa,PK,asia,south_asia
185,pan,g77,high_income,high_income,True,PA,PAN,591.0,,coastline,8.9936,-79.51973000000001,christian,Panama,un_not_least_developed,un_latin_america_and_the_caribbean,True,lac,PA,americas,america
186,pcn,others,,,True,PN,PCN,612.0,,coastline,-25.066670000000002,-130.1,christian,Pitcairn,un_not_least_developed,un_oceania_exc_australia_and_new_zealand,False,,PN,asia,east_asia_pacific
187,per,g77,middle_income,upper_middle_income,True,PE,PER,604.0,,coastline,-10.0,-75.25,christian,Peru,un_not_least_developed,un_latin_america_and_the_caribbean,True,lac,PE,americas,america
188,phl,g77,middle_income,lower_middle_income,True,PH,PHL,608.0,,coastline,13.0,122.0,christian,Philippines,un_not_least_developed,un_eastern_and_south_eastern_asia,True,eap,PH,asia,east_asia_pacific
189,plw,others,high_income,high_income,True,PW,PLW,585.0,,coastline,7.502999999999999,134.621,christian,Palau,un_not_least_developed,un_oceania_exc_australia_and_new_zealand,True,eap,PW,asia,east_asia_pacific
190,png,g77,middle_income,lower_middle_income,True,PG,PNG,598.0,,coastline,-6.0,147.0,christian,Papua New Guinea,un_not_least_developed,un_oceania_exc_australia_and_new_zealand,True,eap,PG,asia,east_asia_pacific
191,pol,oecd,high_income,high_income,True,PL,POL,616.0,,coastline,52.0,20.0,christian,Poland,un_not_least_developed,un_europe_and_northern_america,True,eca,PL,europe,europe_central_asia
192,pri,others,high_income,high_income,True,PR,PRI,630.0,,coastline,18.46633,-66.10571999999999,christian,Puerto Rico,un_not_least_developed,un_latin_america_and_the_caribbean,False,,PR,americas,america
193,prk,g77,low_income,low_income,True,KP,PRK,408.0,,coastline,40.0,127.0,,North Korea,un_not_least_developed,un_eastern_and_south_eastern_asia,True,eap,KP,asia,east_asia_pacific
194,prt,oecd,high_income,high_income,True,PT,PRT,620.0,,coastline,39.6945,-8.13057,christian,Portugal,un_not_least_developed,un_europe_and_northern_america,True,eca,PT,europe,europe_central_asia
195,pry,g77,middle_income,upper_middle_income,True,PY,PRY,600.0,,landlocked,-23.33333,-58.0,christian,Paraguay,un_not_least_developed,un_latin_america_and_the_caribbean,True,lac,PY,americas,america
196,pse,g77,middle_income,lower_middle_income,True,PS,PSE,275.0,,coastline,31.921570000000003,35.20329,muslim,Palestine,un_not_least_developed,un_northern_africa_and_western_asia,True,mena,PS,asia,middle_east_north_africa
197,pse_gaza,,,,True,,,,,,,,,Gaza Strip,,,False,,,asia,
198,pse_west_bank,,,,True,,,,,,,,,West Bank,,,False,,,asia,
199,pyf,others,high_income,high_income,True,PF,PYF,258.0,,coastline,-15.0,-140.0,christian,French Polynesia,un_not_least_developed,un_oceania_exc_australia_and_new_zealand,False,,PF,asia,east_asia_pacific
200,qat,g77,high_income,high_income,True,QA,QAT,634.0,,coastline,25.279320000000002,51.52245,muslim,Qatar,un_not_least_developed,un_northern_africa_and_western_asia,True,mena,QA,asia,middle_east_north_africa
201,reu,others,,,True,RE,REU,638.0,,coastline,-20.88231,55.4504,christian,Reunion,un_not_least_developed,un_sub_saharan_africa,False,,RE,africa,sub_saharan_africa
202,rou,others,middle_income,upper_middle_income,True,RO,ROU,642.0,,coastline,46.0,25.0,christian,Romania,un_not_least_developed,un_europe_and_northern_america,True,eca,RO,europe,europe_central_asia
203,rus,others,middle_income,upper_middle_income,True,RU,RUS,643.0,,coastline,60.0,100.0,christian,Russia,un_not_least_developed,un_europe_and_northern_america,True,eca,RU,europe,europe_central_asia
204,rwa,g77,low_income,low_income,True,RW,RWA,646.0,,landlocked,-2.0,30.0,christian,Rwanda,un_least_developed,un_sub_saharan_africa,True,ssa,RW,africa,sub_saharan_africa
205,sau,g77,high_income,high_income,True,SA,SAU,682.0,,coastline,25.0,45.0,muslim,Saudi Arabia,un_not_least_developed,un_northern_africa_and_western_asia,True,mena,SA,asia,middle_east_north_africa
206,scg,others,,,True,,,,,coastline,,,,Serbia and Montenegro,un_not_least_developed,un_europe_and_northern_america,False,,,europe,europe_central_asia
207,scg_ex_kos,others,,,True,,,,,landlocked,,,,Serbia excluding Kosovo,,,False,,,europe,europe_central_asia
208,sdn,g77,middle_income,lower_middle_income,True,SD,SDN,729.0,,coastline,16.0,30.0,muslim,Sudan,un_least_developed,un_northern_africa_and_western_asia,True,ssa,SD,africa,sub_saharan_africa
209,sen,g77,middle_income,lower_middle_income,True,SN,SEN,686.0,,coastline,14.5,-14.25,muslim,Senegal,un_least_developed,un_sub_saharan_africa,True,ssa,SN,africa,sub_saharan_africa
210,sgero_a_ssandw,,,,True,GS,SGS,239.0,,,,,,South Georgia and the South Sandwich Islands,un_not_least_developed,un_latin_america_and_the_caribbean,False,,GS,americas,
211,sgp,g77,high_income,high_income,True,SG,SGP,702.0,,coastline,1.28967,103.85007,eastern_religions,Singapore,un_not_least_developed,un_eastern_and_south_eastern_asia,True,eap,SG,asia,east_asia_pacific
212,shn,others,,,True,SH,SHN,654.0,,coastline,-15.95,-5.7,christian,St. Helena,un_not_least_developed,un_sub_saharan_africa,False,,SH,africa,sub_saharan_africa
213,sjm,others,,,True,SJ,SJM,744.0,,coastline,78.0,20.0,,Svalbard,un_not_least_developed,un_europe_and_northern_america,False,,SJ,europe,europe_central_asia
214,slb,g77,middle_income,lower_middle_income,True,SB,SLB,90.0,,coastline,-8.0,159.0,christian,Solomon Islands,un_least_developed,un_oceania_exc_australia_and_new_zealand,True,eap,SB,asia,east_asia_pacific
215,sle,g77,low_income,low_income,True,SL,SLE,694.0,,coastline,8.5,-11.5,,Sierra Leone,un_least_developed,un_sub_saharan_africa,True,ssa,SL,africa,sub_saharan_africa
216,slv,g77,middle_income,lower_middle_income,True,SV,SLV,222.0,,coastline,13.833329999999998,-88.91667,christian,El Salvador,un_not_least_developed,un_latin_america_and_the_caribbean,True,lac,SV,americas,america
217,smr,others,high_income,high_income,True,SM,SMR,674.0,,landlocked,43.93667,12.44639,christian,San Marino,un_not_least_developed,un_europe_and_northern_america,True,eca,SM,europe,europe_central_asia
218,som,g77,low_income,low_income,True,SO,SOM,706.0,,coastline,6.0,48.0,muslim,Somalia,un_least_developed,un_sub_saharan_africa,True,ssa,SO,africa,sub_saharan_africa
219,som_somland,others,,,True,,,,,,,,,Somaliland,,,False,,,africa,sub_saharan_africa
220,sosset,others,,,True,,,,,,,,,South Ossetia,,,False,,,europe,europe_central_asia
221,spm,others,,,True,PM,SPM,666.0,,coastline,46.83333,-56.333330000000004,christian,St.-Pierre-et-Miquelon,un_not_least_developed,un_europe_and_northern_america,False,,PM,americas,america
222,srb,others,middle_income,upper_middle_income,True,RS,SRB,688.0,,landlocked,44.81892,20.459979999999998,christian,Serbia,un_not_least_developed,un_europe_and_northern_america,True,eca,RS,europe,europe_central_asia
223,ssd,,low_income,low_income,True,SS,SSD,728.0,,landlocked,7.5,30.0,,South Sudan,un_least_developed,un_sub_saharan_africa,True,ssa,SS,africa,sub_saharan_africa
224,stbar,others,,,True,BL,BLM,652.0,,coastline,,,,St. Barthélemy,un_not_least_developed,un_latin_america_and_the_caribbean,False,,BL,americas,america
225,stmar,others,,,True,,,,,coastline,,,,St. Martin,,,False,,,americas,america
226,stp,g77,middle_income,lower_middle_income,True,ST,STP,678.0,,coastline,1.0,7.0,christian,Sao Tome and Principe,un_least_developed,un_sub_saharan_africa,True,ssa,ST,africa,sub_saharan_africa
227,sur,g77,middle_income,upper_middle_income,True,SR,SUR,740.0,,coastline,4.0,-56.0,christian,Suriname,un_not_least_developed,un_latin_america_and_the_caribbean,True,lac,SR,americas,america
228,svk,oecd,high_income,high_income,True,SK,SVK,703.0,,landlocked,48.66667,19.5,christian,Slovak Republic,un_not_least_developed,un_europe_and_northern_america,True,eca,SK,europe,europe_central_asia
229,svn,others,high_income,high_income,True,SI,SVN,705.0,,coastline,46.08333,15.0,christian,Slovenia,un_not_least_developed,un_europe_and_northern_america,True,eca,SI,europe,europe_central_asia
230,swe,oecd,high_income,high_income,True,SE,SWE,752.0,,coastline,62.0,15.0,christian,Sweden,un_not_least_developed,un_europe_and_northern_america,True,eca,SE,europe,europe_central_asia
231,swz,g77,middle_income,lower_middle_income,True,SZ,SWZ,748.0,,landlocked,-26.5,31.5,christian,Eswatini,un_not_least_developed,un_sub_saharan_africa,True,ssa,SZ,africa,sub_saharan_africa
232,sxm,,high_income,high_income,True,SX,SXM,534.0,,,18.04167,-63.066669999999995,,Sint Maarten (Dutch part),un_not_least_developed,un_latin_america_and_the_caribbean,False,,SX,americas,
233,syc,g77,high_income,high_income,True,SC,SYC,690.0,,coastline,-4.58333,55.666669999999996,christian,Seychelles,un_not_least_developed,un_sub_saharan_africa,True,ssa,SC,africa,sub_saharan_africa
234,syr,g77,low_income,low_income,True,SY,SYR,760.0,,coastline,35.0,38.0,muslim,Syria,un_not_least_developed,un_northern_africa_and_western_asia,True,mena,SY,asia,middle_east_north_africa
235,tca,others,high_income,high_income,True,TC,TCA,796.0,,coastline,21.73333,-71.58333,christian,Turks and Caicos Islands,un_not_least_developed,un_latin_america_and_the_caribbean,False,,TC,americas,america
236,tcd,g77,low_income,low_income,True,TD,TCD,148.0,,landlocked,15.0,19.0,muslim,Chad,un_least_developed,un_sub_saharan_africa,True,ssa,TD,africa,sub_saharan_africa
237,tgo,g77,low_income,low_income,True,TG,TGO,768.0,,coastline,8.66667,1.08333,,Togo,un_least_developed,un_sub_saharan_africa,True,ssa,TG,africa,sub_saharan_africa
238,tha,g77,middle_income,upper_middle_income,True,TH,THA,764.0,,coastline,15.5,101.0,eastern_religions,Thailand,un_not_least_developed,un_eastern_and_south_eastern_asia,True,eap,TH,asia,east_asia_pacific
239,tjk,others,low_income,low_income,True,TJ,TJK,762.0,,landlocked,39.0,71.0,muslim,Tajikistan,un_not_least_developed,un_central_and_southern_asia,True,eca,TJ,asia,europe_central_asia
240,tkl,others,,,True,TK,TKL,772.0,,coastline,-9.167,-171.83,christian,Tokelau,un_not_least_developed,un_oceania_exc_australia_and_new_zealand,False,,TK,asia,east_asia_pacific
241,tkm,g77,middle_income,upper_middle_income,True,TM,TKM,795.0,,landlocked,39.75,59.666669999999996,muslim,Turkmenistan,un_not_least_developed,un_central_and_southern_asia,True,eca,TM,asia,europe_central_asia
242,tls,g77,middle_income,lower_middle_income,True,TL,TLS,626.0,,coastline,-8.83333,125.75,christian,Timor-Leste,un_least_developed,un_eastern_and_south_eastern_asia,True,eap,TL,asia,east_asia_pacific
243,ton,g77,middle_income,upper_middle_income,True,TO,TON,776.0,,coastline,-20.0,-175.0,christian,Tonga,un_not_least_developed,un_oceania_exc_australia_and_new_zealand,True,eap,TO,asia,east_asia_pacific
244,transn,others,,,True,,,,,,,,,Transnistria,,,False,,,europe,europe_central_asia
245,tto,g77,high_income,high_income,True,TT,TTO,780.0,,coastline,11.0,-61.0,christian,Trinidad and Tobago,un_not_least_developed,un_latin_america_and_the_caribbean,True,lac,TT,americas,america
246,tun,g77,middle_income,lower_middle_income,True,TN,TUN,788.0,,coastline,34.0,9.0,muslim,Tunisia,un_not_least_developed,un_northern_africa_and_western_asia,True,mena,TN,africa,middle_east_north_africa
247,tur,oecd,middle_income,upper_middle_income,True,TR,TUR,792.0,,coastline,39.0,35.0,muslim,Turkey,un_not_least_developed,un_northern_africa_and_western_asia,True,eca,TR,europe,europe_central_asia
248,tuv,others,middle_income,upper_middle_income,True,TV,TUV,798.0,,coastline,-8.51719,179.14478,christian,Tuvalu,un_least_developed,un_oceania_exc_australia_and_new_zealand,True,eap,TV,asia,east_asia_pacific
249,twn,others,high_income,high_income,True,TW,TWN,158.0,,coastline,24.0,121.0,eastern_religions,Taiwan,un_not_least_developed,un_eastern_and_south_eastern_asia,False,,TW,asia,east_asia_pacific
250,tza,g77,low_income,low_income,True,TZ,TZA,834.0,,coastline,-6.0,35.0,christian,Tanzania,un_least_developed,un_sub_saharan_africa,True,ssa,TZ,africa,sub_saharan_africa
251,uga,g77,low_income,low_income,True,UG,UGA,800.0,,landlocked,1.25,32.5,christian,Uganda,un_least_developed,un_sub_saharan_africa,True,ssa,UG,africa,sub_saharan_africa
252,ukr,others,middle_income,lower_middle_income,True,UA,UKR,804.0,,coastline,49.0,32.0,christian,Ukraine,un_not_least_developed,un_europe_and_northern_america,True,eca,UA,europe,europe_central_asia
253,ury,g77,high_income,high_income,True,UY,URY,858.0,,coastline,-33.0,-56.0,christian,Uruguay,un_not_least_developed,un_latin_america_and_the_caribbean,True,lac,UY,americas,america
254,usa,oecd,high_income,high_income,True,US,USA,840.0,,coastline,39.76,-98.5,christian,United States,un_not_least_developed,un_europe_and_northern_america,True,na,US,americas,america
255,usa_minor_out_isl,,,,True,UM,UMI,581.0,US-UM,,,,,US Minor Outlying Islands,un_not_least_developed,un_oceania_exc_australia_and_new_zealand,False,,UM,americas,
256,ussr,others,,,True,,,,,coastline,,,,USSR,,,False,,,europe,europe_central_asia
257,uzb,others,middle_income,lower_middle_income,True,UZ,UZB,860.0,,landlocked,41.66667,63.833330000000004,muslim,Uzbekistan,un_not_least_developed,un_central_and_southern_asia,True,eca,UZ,asia,europe_central_asia
258,vct,g77,middle_income,upper_middle_income,True,VC,VCT,670.0,,coastline,13.08333,-61.2,christian,St. Vincent and the Grenadines,un_not_least_developed,un_latin_america_and_the_caribbean,True,lac,VC,americas,america
259,ven,g77,middle_income,upper_middle_income,True,VE,VEN,862.0,,coastline,8.0,-66.0,christian,Venezuela,un_not_least_developed,un_latin_america_and_the_caribbean,True,lac,VE,americas,america
260,vgb,others,high_income,high_income,True,VG,VGB,92.0,,coastline,18.5,-64.5,christian,British Virgin Islands,un_not_least_developed,un_latin_america_and_the_caribbean,False,,VG,americas,america
261,vir,others,high_income,high_income,True,VI,VIR,850.0,,coastline,18.34829,-64.98348,christian,Virgin Islands (U.S.),un_not_least_developed,un_latin_america_and_the_caribbean,False,,VI,americas,america
262,vnm,g77,middle_income,lower_middle_income,True,VN,VNM,704.0,,coastline,16.16667,107.83333,eastern_religions,Vietnam,un_not_least_developed,un_eastern_and_south_eastern_asia,True,eap,VN,asia,east_asia_pacific
263,vut,g77,middle_income,lower_middle_income,True,VU,VUT,548.0,,coastline,-16.0,167.0,christian,Vanuatu,un_least_developed,un_oceania_exc_australia_and_new_zealand,True,eap,VU,asia,east_asia_pacific
264,wlf,others,,,True,WF,WLF,876.0,,coastline,-13.3,-176.2,christian,Wallis et Futuna,un_not_least_developed,un_oceania_exc_australia_and_new_zealand,False,,WF,asia,east_asia_pacific
265,wsm,g77,middle_income,upper_middle_income,True,WS,WSM,882.0,,coastline,-13.8,-172.13333,christian,Samoa,un_not_least_developed,un_oceania_exc_australia_and_new_zealand,True,eap,WS,asia,east_asia_pacific
266,yem,g77,low_income,low_income,True,YE,YEM,887.0,,coastline,15.5,47.5,muslim,Yemen,un_least_developed,un_northern_africa_and_western_asia,True,mena,YE,asia,middle_east_north_africa
267,yem_north,others,,,True,,,,,coastline,,,,North Yemen (former),,,False,,,asia,middle_east_north_africa
268,yem_south,others,,,True,,,,,coastline,,,,South Yemen (former),,,False,,,asia,middle_east_north_africa
269,yug,others,,,True,,,,,coastline,,,,Yugoslavia,,,False,,,europe,europe_central_asia
270,zaf,g77,middle_income,upper_middle_income,True,ZA,ZAF,710.0,,coastline,-29.0,24.0,christian,South Africa,un_not_least_developed,un_sub_saharan_africa,True,ssa,ZA,africa,sub_saharan_africa
271,zmb,g77,middle_income,lower_middle_income,True,ZM,ZMB,894.0,,landlocked,-14.333329999999998,28.5,christian,Zambia,un_least_developed,un_sub_saharan_africa,True,ssa,ZM,africa,sub_saharan_africa
272,zwe,g77,middle_income,lower_middle_income,True,ZW,ZWE,716.0,,landlocked,-19.0,29.75,christian,Zimbabwe,un_not_least_developed,un_sub_saharan_africa,True,ssa,ZW,africa,sub_saharan_africa
